[
  {
    "id": 1,
    "image": "peakyBlinders",
    "title": "Peaky Blinders"
  },
  {
    "id": 2,
    "image": "goodWillHunting",
    "title": "Good Will Hunting"
  },
  {
    "id": 3,
    "image": "johnMulaneyKG",
    "title": "John Mulaney Kid Gorgeous at Radio City"
  },
  {
    "id": 4,
    "title": "Show 4"
  },
  {
    "id": 5,
    "title": "Show 5"
  },
  {
    "id": 6,
    "title": "Show 6"
  },
  {
    "id": 7,
    "title": "Show 7"
  },
  {
    "id": 8,
    "title": "Show 8"
  }
]
